{"count":1,"gauges":{"SheepAgent.CumulativeReward":{"count":2178,"max":102.012238,"min":-205.992249,"value":72.00572,"weightedAverage":73.61917}},"self":1755.5220479999998,"total":4253.3245108,"children":{"AgentSendState":{"count":606867,"self":56.9872896,"total":391.9275485,"children":{"CollectObservations":{"count":2186437,"self":14.4714,"total":14.471400099999999,"children":null},"AgentInfo.ToProto":{"count":2186437,"self":29.090704,"total":320.4688607,"children":{"GenerateSensorData":{"count":2186437,"self":46.596784,"total":291.3781552,"children":{"RayPerceptionSensor.Perceive":{"count":2186437,"self":244.7813632,"total":244.7813712,"children":null}}}}}}},"DecideAction":{"count":606867,"self":1932.3037696,"total":1932.3038488999998,"children":null},"AgentAct":{"count":606867,"self":173.174656,"total":173.5591202,"children":{"AgentInfo.ToProto":{"count":2158,"self":0.047818599999999996,"total":0.3844671,"children":{"GenerateSensorData":{"count":2158,"self":0.0580375,"total":0.33664849999999996,"children":{"RayPerceptionSensor.Perceive":{"count":2158,"self":0.278611,"total":0.278611,"children":null}}}}}}},"AgentInfo.ToProto":{"count":20,"self":0,"total":0.0100328,"children":{"GenerateSensorData":{"count":20,"self":0,"total":0.0100328,"children":{"RayPerceptionSensor.Perceive":{"count":20,"self":0.0100328,"total":0.0100328,"children":null}}}}}}}