{"count":1,"gauges":{"SheepAgent.CumulativeReward":{"count":95251,"max":5,"min":-0.99994123,"value":4.807598,"weightedAverage":4.8656683}},"self":18315.5720192,"total":31772.9953346,"children":{"AgentSendState":{"count":2578951,"self":247.56682239999998,"total":2216.8931915,"children":{"CollectObservations":{"count":9231935,"self":60.6697536,"total":60.6697566,"children":null},"AgentInfo.ToProto":{"count":9231935,"self":121.80704,"total":1908.6566128999998,"children":{"GenerateSensorData":{"count":9231935,"self":197.5483008,"total":1786.8495710999998,"children":{"RayPerceptionSensor.Perceive":{"count":9231935,"self":1589.301248,"total":1589.3012711,"children":null}}}}}}},"DecideAction":{"count":2578951,"self":11031.392256,"total":11031.3923024,"children":null},"AgentAct":{"count":2578951,"self":194.0625536,"total":194.09170329999998,"children":{"AgentInfo.ToProto":{"count":269,"self":0.0020596,"total":0.029154799999999998,"children":{"GenerateSensorData":{"count":269,"self":0.0060165999999999996,"total":0.0270952,"children":{"RayPerceptionSensor.Perceive":{"count":269,"self":0.0210786,"total":0.0210786,"children":null}}}}}}},"AgentInfo.ToProto":{"count":94982,"self":1.9123568,"total":15.0461306,"children":{"GenerateSensorData":{"count":94982,"self":2.4732651999999997,"total":13.133773699999999,"children":{"RayPerceptionSensor.Perceive":{"count":94982,"self":10.660508799999999,"total":10.6605086,"children":null}}}}}}}