{"count":1,"gauges":{},"self":34.0598272,"total":34.1406225,"children":{"AgentSendState":{"count":3295,"self":0.0448818,"total":0.0448818,"children":null},"DecideAction":{"count":3295,"self":0.017975599999999998,"total":0.017975599999999998,"children":null},"AgentAct":{"count":3295,"self":0.015943099999999998,"total":0.015943099999999998,"children":null}}}