{"count":1,"gauges":{"SheepAgent.CumulativeReward":{"count":4,"max":1.98959923,"min":-0.0171999857,"value":-0.0171999857,"weightedAverage":0.6409342},"GenericAgent.CumulativeReward":{"count":2,"max":1.987,"min":-0.0129999928,"value":1.987,"weightedAverage":0.487}},"self":9.3526712,"total":9.5698717,"children":{"AgentSendState":{"count":491,"self":0.0150143,"total":0.0160159,"children":{"CollectObservations":{"count":88,"self":0.0010016,"total":0.0010016,"children":null}}},"DecideAction":{"count":491,"self":0.1741577,"total":0.19117479999999998,"children":{"RayPerceptionSensor.Perceive":{"count":88,"self":0.0170171,"total":0.0170171,"children":null}}},"AgentAct":{"count":491,"self":0.0090089,"total":0.0090089,"children":null}}}