{"count":1,"gauges":{"GenericAgent.CumulativeReward":{"count":22464,"max":164.006668,"min":-0.99994123,"value":1.94400012,"weightedAverage":8.608247}},"self":9525.7460736,"total":29513.066596499997,"children":{"AgentSendState":{"count":4028101,"self":383.1876096,"total":2961.1012041,"children":{"CollectObservations":{"count":14502974,"self":98.0928768,"total":98.092877,"children":null},"AgentInfo.ToProto":{"count":14502974,"self":191.5703168,"total":2479.8207153,"children":{"GenerateSensorData":{"count":14502974,"self":311.6644096,"total":2288.2503963,"children":{"RayPerceptionSensor.Perceive":{"count":14502974,"self":1976.5860352,"total":1976.5859879999998,"children":null}}}}}}},"DecideAction":{"count":4028101,"self":16149.830041599998,"total":16149.8292271,"children":null},"AgentAct":{"count":4028101,"self":872.4429824,"total":874.7198391,"children":{"AgentInfo.ToProto":{"count":10010,"self":0.2039734,"total":2.2768246999999997,"children":{"GenerateSensorData":{"count":10010,"self":0.2683329,"total":2.0728513,"children":{"RayPerceptionSensor.Perceive":{"count":10010,"self":1.8045183999999999,"total":1.8045183999999999,"children":null}}}}}}},"AgentInfo.ToProto":{"count":12454,"self":0.2692682,"total":1.6689174,"children":{"GenerateSensorData":{"count":12454,"self":0.3160821,"total":1.3996492,"children":{"RayPerceptionSensor.Perceive":{"count":12454,"self":1.0835671,"total":1.0835671,"children":null}}}}}}}