{"count":1,"gauges":{"GenericAgent.CumulativeReward":{"count":8,"max":122.006516,"min":1.28082168,"value":111.006737,"weightedAverage":41.69671}},"self":204.62782719999998,"total":209.698229,"children":{"AgentSendState":{"count":10428,"self":0.2522084,"total":0.2762326,"children":{"CollectObservations":{"count":4169,"self":0.0240242,"total":0.0240242,"children":null}}},"DecideAction":{"count":10428,"self":3.7467368,"total":4.4430926,"children":{"RayPerceptionSensor.Perceive":{"count":4169,"self":0.696356,"total":0.696356,"children":null}}},"AgentAct":{"count":10428,"self":0.35007109999999997,"total":0.35007109999999997,"children":null}}}