{"count":1,"gauges":{"Hallway.CumulativeReward":{"count":76,"max":0.960000038,"min":0.8840005,"value":0.938000143,"weightedAverage":0.9255367}},"self":22.362716799999998,"total":23.2767403,"children":{"AgentSendState":{"count":1142,"self":0.0563496,"total":0.072262899999999991,"children":{"CollectObservations":{"count":3056,"self":0.0159133,"total":0.0159133,"children":null}}},"DecideAction":{"count":1142,"self":0.6913912,"total":0.7832112,"children":{"RayPerceptionSensor.Perceive":{"count":3056,"self":0.09182,"total":0.09182,"children":null}}},"AgentAct":{"count":1142,"self":0.0575529,"total":0.0575529,"children":null}}}