{"count":1,"gauges":{"GenericAgent.CumulativeReward":{"count":55,"max":76.0061951,"min":-3.000166,"value":76.0061951,"weightedAverage":18.3380222}},"self":356.582784,"total":370.53165839999997,"children":{"AgentSendState":{"count":17924,"self":1.0211793999999998,"total":1.5377287,"children":{"CollectObservations":{"count":64566,"self":0.5165493,"total":0.5165493,"children":null}}},"DecideAction":{"count":17924,"self":4.9093236,"total":5.9426634,"children":{"RayPerceptionSensor.Perceive":{"count":7174,"self":1.0333397,"total":1.0333397,"children":null}}},"AgentAct":{"count":17924,"self":6.467484,"total":6.4674838,"children":null}}}